{"yogurt": 0.038958504118358904, "strawberries": 0.029121286645586913, "granola": 0.002029902018191045, "sugar": 0.38228520123, "sugars": 0.38228520123, "corn oil": 0.02502244603193192, "egg": 0.01748838661, "orange juice": 0.056954366241167974, "baking soda": 0.1980325565054456, "flour": 0.3191240192, "chicken": 0.004137877190927899, "salt": 0.4591482218839052, "black pepper": 0.1481828473279463, "olive oil": 0.1815981574735527, "butter": 0.29538978022407, "chile sauce": 0.00199086544091814, "honey": 0.09727915056407854, "rice": 0.034742553772885196, "soy sauce": 0.03825584572744662, "hoisin sauce": 0.0023812312136471873, "coriander": 0.019479252059179452, "shrimp": 0.006558144981847992, "onions": 0.018542374204629737, "celery": 0.02377327555919897, "capers": 0.002186048327282664, "olives": 0.0039036577272904714, "mayonnaise": 0.044853027286567516, "lemon juice": 0.08603661630948198, "cocoa": 0.03665534605925752, "peanut butter": 0.042901198422922275, "process": 0.0008588047000039037, "milk": 0.1780458289417184, "red pepper": 0.06109224343209587, "cayenne pepper": 0.06109224343209587, "real semi-sweet chocolate baking chips": 0.0703829488230472, "parmesan": 0.06413709645938244, "buttermilk": 0.03927079673654214, "cornmeal": 0.013272436272787602, "pumpkin seeds": 0.008744193309130656, "squash seeds": 0.008744193309130656, "water": 0.268142293, "parsley": 0.0298239450364992, "butternut winter squash": 0.0019518288636452357, "cauliflower": 0.003435218800015615, "broccoli": 0.008314790959128704, "english": 0.03868524807744857, "almonds": 0.05258226958660265, "sunflower seed": 0.010071436936409415, "sunflower seeds": 0.010071436936409415, "cumin seed": 0.025998360463754536, "cumin seeds": 0.025998360463754536, "basil": 0.024671116836475777, "cherries": 0.017527423195534214, "chocolate ice creams": 0.0014443533590974744, "chocolate ice cream": 0.0014443533590974744, "pineapple": 0.01276496076823984, "chicken breast": 0.02974587188195339, "cheddar": 0.026076433618300348, "chicken soup": 0.0029667798727407583, "mustard": 0.06667447398212124, "curry": 0.009251668813678417, "sour cream": 0.032595542022875436, "lime juice": 0.02627161650466487, "root wasabi": 0.0011710973181871414, "cornstarch": 0.032868798063785766, "vanilla yogurt": 0.0019518288636452357, "mango nectar": 0.009759144318226177, "saffron": 0.001366280204551665, "hash browns": 0.0011320607409142367, "ground beef": 0.019245032595542024, "beef": 0.019245032595542024, "paprika": 0.03513291954561424, "chili": 0.022914470859195065, "garlic": 0.10629659991411954, "wheat germ": 0.008627083577311942, "thyme": 0.024085568177382208, "tomatoes": 0.01662958191825741, "chocolate": 0.007612132568216419, "whipped cream": 0.0331420541046961, "meatless bacon": 0.011437717140961081, "maple syrup": 0.039817308818362804, "corn": 0.017605496350080026, "pickles": 0.005504157395479564, "raspberries": 0.014326423859156029, "cinnamon": 0.09708396767771402, "oats": 0.0654643400866612, "coconut": 0.04133973533200609, "vanilla": 0.10430573447320139, "vanilla ice creams": 0.012023265800054651, "vanilla ice cream": 0.012023265800054651, "worcestershire sauce": 0.024514970527384158, "tabasco": 0.005777413436389898, "whipping cream": 0.04075418667291252, "bananas": 0.00804153491821837, "corn syrups": 0.031190225241050865, "ginger": 0.04539953936838818, "flaxseed": 0.013194363118241792, "bacon grease": 0.00023421946363742828, "canola oil": 0.018776593668267165, "cranberries": 0.022914470859195065, "dried apricots": 0.012023265800054651, "apricots": 0.012023265800054651, "salted butter": 0.004411133231838232, "ground turkey": 0.005426084240933755, "turkey": 0.005426084240933755, "onions": 0.06398095015029082, "potatoes": 0.0298239450364992, "chicken broth": 0.022250849045555687, "horseradish": 0.010344692977319749, "oats": 0.02310965374555959, "popcorn": 0.009329741968224226, "pecan": 0.03665534605925752, "margarine": 0.024710153413748683, "marshmallows": 0.012999180231877268, "chocolate chips": 0.01003240035913651, "leeks": 0.0012101338954600461, "cranberry juice": 0.005660303704571183, "pretzels": 0.00605066947730023, "brown sugar": 0.13049927782332046, "brown sugars": 0.13049927782332046, "coleslaw": 0.0017176094000078074, "carrots": 0.026622945700121012, "italian dressing": 0.005113791622750517, "dressing": 0.01073505875, "rosemary": 0.012335558418237889, "vodka": 0.009993363781863607, "semolina": 0.002342194636374283, "pumpkin": 0.012257485263692079, "ketchup": 0.02096264199554983, "crackers": 0.0014833899363703791, "cookies": 0.0014833899363703791, "white mushrooms": 0.009290705390951321, "mushrooms" : 0.01014951009, "green peas": 0.0048405355818401845, "blackberries": 0.007260803372760276, "goji berries": 0.00538704766366085, "raisins": 0.03517195612288714, "apricot jam": 0.006831401022758325, "jam": 0.006831401022758325, "lard": 0.0035913651091072337, "cabbage": 0.007768278877308038, "whiskey": 0.0022641214818284734, "dates": 0.00886130304094937, "spinach": 0.00952492485458875, "feta": 0.0035913651091072337, "salmon": 0.00538704766366085, "vinegar": 0.030604676581957296, "salsa": 0.005738376859116993, "crab": 0.0017956825545536168, "ground clove": 0.013272436272787602, "clove": 0.013272436272787602, "ground nutmeg": 0.03208806651832767, "nutmeg": 0.03208806651832767, "red wine vinegar": 0.01756645977280712, "tofu": 0.005816450013662802, "pumpkin pie spice": 0.0007026583909122848, "green beans": 0.018581410781902643, "sesame": 0.017332240309169692, "oregano": 0.02537377522738806, "pineapple juice": 0.011945192645508841, "grenadine": 0.002693523831830425, "sweet potato": 0.007416949681851895, "yam": 0.007416949681851895, "cardamom": 0.0060116329000273255, "cottage": 0.005230901354569231, "pork": 0.018191045009173595, "molasses": 0.015965960104618027, "apples": 0.027794043018308155, "grapes": 0.009837217472771987, "tequila": 0.002029902018191045, "pear": 0.003083889604559472, "pork sausage": 0.0033181090681969005, "peppers": 0.010461802709138462, "soymilk": 0.005777413436389898, "breadcrumbs": 0.005152828200023422, "cider vinegar": 0.023656165827380254, "beets": 0.0030448530272865677, "red onions": 0.00952492485458875, "rum": 0.012452668150056603, "white chocolate": 0.00199086544091814, "cranberry sauce": 0.0016785728227349027, "mozzarella": 0.0037475114181988525, "sun-dried tomatoes": 0.0024983409454659017, "dried tomatoes": 0.0024983409454659017, "rice vinegar": 0.007690205722762228, "blueberries": 0.022055666159191162, "balsamic vinegar": 0.015224265136432838, "onion powder": 0.025803177577390014, "pectin": 0.0012491704727329508, "yellow peaches": 0.010735058750048796, "peach": 0.010735058750048796, "marmalade": 0.004254986922746613, "asparagus": 0.006323925518210563, "rice wine vinegar": 0.0033571456454698054, "chickpeas": 0.0017566459772807121, "applesauce": 0.012062302377327555, "teriyaki": 0.002029902018191045, "brie": 0.0005855486590935707, "tarragon": 0.004528242963656947, "beer": 0.005894523168208612, "sugar free syrups": 0.0018737557090994263, "brussels sprouts": 0.003786547995471757, "brussel": 0.003786547995471757, "oat bran": 0.002537377522738806, "chia seeds seeds": 0.0030448530272865677, "chives": 0.009173595659132608, "lower fat vanilla wafers cookies": 0.0017956825545536168, "blue cheese": 0.005894523168208612, "protein powder": 0.004098840613654994, "zucchini": 0.0039036577272904714, "squash": 0.0039036577272904714, "apple juice": 0.011203497677323652, "tapioca": 0.0008978412772768084, "sauerkraut": 0.0010539875863684273, "phyllo": 0.0008588047000039037, "tomato sauce": 0.0037084748409259476, "watermelon": 0.004450169809111137, "agave": 0.008666120154584846, "chocolate baking chips": 0.0023812312136471873, "oyster sauce": 0.0017566459772807121, "cantaloupe": 0.0024593043681929968, "strawberry ice creams": 0.0007026583909122848, "strawberry ice cream": 0.0007026583909122848, "ground turmeric": 0.0024593043681929968, "turmeric": 0.0024593043681929968, "figs": 0.0027715969863762345,