{"yogurt": 0.038958504118358904, "strawberries": 0.029121286645586913, "homemade granola cereals ready-to-eat": 0.002029902018191045, "sugar": 0.3433266971151969, "corn oil": 0.02502244603193192, "powder egg substitute": 0.013389546004606316, "orange juice": 0.056954366241167974, "baking soda": 0.1980325565054456, "all-purpose white wheat flour": 0.26911816371940506, "chicken": 0.004137877190927899, "salt": 0.4591482218839052, "black pepper": 0.1481828473279463, "olive oil": 0.1815981574735527, "butter": 0.29538978022407, "sriracha hot chile sauce": 0.00199086544091814, "honey": 0.09727915056407854, "long-grain white rice": 0.034742553772885196, "soy sauce": 0.03825584572744662, "hoisin sauce": 0.0023812312136471873, "coriander seed": 0.019479252059179452, "raw shrimp": 0.006558144981847992, "spring or scallions onions": 0.018542374204629737, "celery": 0.02377327555919897, "capers": 0.002186048327282664, "olives": 0.0039036577272904714, "mayonnaise": 0.044853027286567516, "lemon juice": 0.08603661630948198, "unsweetened dry powder cocoa": 0.03665534605925752, "peanut butter": 0.042901198422922275, "process cheese": 0.0008588047000039037, "milk": 0.1780458289417184, "red or cayenne pepper": 0.06109224343209587, "real semi-sweet chocolate baking chips": 0.0703829488230472, "parmesan cheese": 0.06413709645938244, "lowfat cultured buttermilk milk": 0.03927079673654214, "yellow degermed cornmeal": 0.013272436272787602, "pumpkin and squash seeds seeds": 0.008744193309130656, "powdered sugars": 0.038958504118358904, "flour": 0.008158644650037085, "white egg": 0.004098840613654994, "generic bottled water": 0.2676347737830347, "parsley": 0.0298239450364992, "butternut winter squash": 0.0019518288636452357, "cauliflower": 0.003435218800015615, "broccoli": 0.008314790959128704, "english": 0.03868524807744857, "almonds": 0.05258226958660265, "dried sunflower seed kernels seeds": 0.010071436936409415, "cumin seed": 0.025998360463754536, "basil": 0.024671116836475777, "sweet cherries": 0.017527423195534214, "chocolate ice creams": 0.0014443533590974744, "pineapple": 0.01276496076823984, "chicken breast": 0.02974587188195339, "cheddar cheese": 0.026076433618300348, "chicken soup": 0.0029667798727407583, "mustard": 0.06667447398212124, "curry powder": 0.009251668813678417, "sour cream": 0.032595542022875436, "lime juice": 0.02627161650466487, "root wasabi": 0.0011710973181871414, "cornstarch": 0.032868798063785766, "non-fat vanilla yogurt": 0.0019518288636452357, "canned mango nectar": 0.009759144318226177, "saffron": 0.001366280204551665, "hash browns": 0.0011320607409142367, "ground beef": 0.019245032595542024, "paprika": 0.03513291954561424, "chili powder": 0.022914470859195065, "garlic powder": 0.10629659991411954, "crude wheat germ": 0.008627083577311942, "thyme": 0.024085568177382208, "red tomatoes": 0.01662958191825741, "semisweet chocolate": 0.007612132568216419, "pressurized cream topping whipped cream": 0.0331420541046961, "meatless bacon": 0.011437717140961081, "bread wheat flours": 0.04184721083655385, "canadian maple syrup": 0.039817308818362804, "white sweet corn": 0.017605496350080026, "sour cucumber pickles": 0.005504157395479564, "raspberries": 0.014326423859156029, "ground cinnamon": 0.09708396767771402, "oats": 0.0654643400866612, "coconut (hydrogenated": 0.04133973533200609, "vanilla extract": 0.10430573447320139, "vanilla ice creams": 0.012023265800054651, "worcestershire sauce": 0.024514970527384158, "tabasco pepper sauce": 0.005777413436389898, "heavy whipping cream": 0.04075418667291252, "bananas": 0.00804153491821837, "light corn syrups": 0.031190225241050865, "ground ginger": 0.04539953936838818, "flaxseed seeds": 0.013194363118241792, "bacon grease animal fat": 0.00023421946363742828, "canola oil": 0.018776593668267165, "": 0.04606316118202756, "cranberries": 0.022914470859195065, "uncooked sulfured dried apricots": 0.012023265800054651, "salted butter": 0.004411133231838232, "ground turkey": 0.005426084240933755, "onions": 0.06398095015029082, "skin potatoes": 0.0298239450364992, "dry chicken broth": 0.022250849045555687, "prepared horseradish": 0.010344692977319749, "oats cereals": 0.02310965374555959, "air-popped (unsalted) popcorn snacks": 0.009329741968224226, "pecan": 0.03665534605925752, "margarine": 0.024710153413748683, "marshmallows": 0.012999180231877268, "chocolate chips pascha": 0.01003240035913651, "leeks": 0.0012101338954600461, "unsweetened cranberry juice": 0.005660303704571183, "unsalted soft pretzels": 0.00605066947730023, "brown sugars": 0.13049927782332046, "coleslaw fast foods": 0.0017176094000078074, "carrots": 0.026622945700121012, "commercial italian dressing": 0.005113791622750517, "rosemary": 0.012335558418237889, "proof vodka distilled alcoholic beverage": 0.009993363781863607, "semolina": 0.002342194636374283, "pumpkin": 0.012257485263692079, "ketchup": 0.02096264199554983, "crackers cookies": 0.0014833899363703791, "white mushrooms": 0.009290705390951321, "unprepared frozen green peas": 0.0048405355818401845, "blackberries": 0.007260803372760276, "goji berries": 0.00538704766366085, "raisins": 0.03517195612288714, "apricot jams and preserves": 0.006831401022758325, "lard": 0.0035913651091072337, "cabbage": 0.007768278877308038, "proof whiskey distilled alcoholic beverage": 0.0022641214818284734, "deglet noor dates": 0.00886130304094937, "spinach": 0.00952492485458875, "feta cheese": 0.0035913651091072337, "salmon": 0.00538704766366085, "distilled vinegar": 0.030604676581957296, "salsa sauce": 0.005738376859116993, "crab": 0.0017956825545536168, "ground clove": 0.013272436272787602, "ground nutmeg": 0.03208806651832767, "red wine vinegar": 0.01756645977280712, "sulfate tofu": 0.005816450013662802, "pumpkin pie spice": 0.0007026583909122848, "green beans": 0.018581410781902643, "sesame seeds seeds": 0.017332240309169692, "oregano": 0.02537377522738806, "pineapple juice": 0.011945192645508841, "grenadine syrups": 0.002693523831830425, "unprepared sweet potato": 0.007416949681851895, "cardamom": 0.0060116329000273255, "cottage cheese": 0.005230901354569231, "pork": 0.018191045009173595, "molasses": 0.015965960104618027, "apples": 0.027794043018308155, "grapes": 0.009837217472771987, "canned tequila sunrise alcoholic beverage": 0.002029902018191045, "pear": 0.003083889604559472, "unprepared link patty pork sausage": 0.0033181090681969005, "green sweet peppers": 0.010461802709138462, "unfortified original and vanilla soymilk": 0.005777413436389898, "italian seasoned breadcrumbs delallo": 0.005152828200023422, "cider vinegar": 0.023656165827380254, "beets": 0.0030448530272865677, "red onions": 0.00952492485458875, "proof rum distilled alcoholic beverage": 0.012452668150056603, "white chocolate": 0.00199086544091814, "cranberry sauce": 0.0016785728227349027, "low sodium mozzarella cheese": 0.0037475114181988525, "sun-dried tomatoes": 0.0024983409454659017, "rice vinegar": 0.007690205722762228, "blueberries": 0.022055666159191162, "balsamic vinegar": 0.015224265136432838, "onion powder": 0.025803177577390014, "dry mix unsweetened pectin": 0.0012491704727329508, "yellow peaches": 0.010735058750048796, "orange marmalade": 0.004254986922746613, "asparagus": 0.006323925518210563, "seasoned rice wine vinegar roland": 0.0033571456454698054, "mature seeds bengal gram) chickpeas beans": 0.0017566459772807121, "unsweetened canned applesauce": 0.012062302377327555, "teriyaki sauce": 0.002029902018191045, "brie cheese": 0.0005855486590935707, "tarragon": 0.004528242963656947, "all beer alcoholic beverage": 0.005894523168208612, "sugar free syrups": 0.0018737557090994263, "brussels sprouts": 0.003786547995471757, "oat bran": 0.002537377522738806, "chia seeds seeds": 0.0030448530272865677, "chives": 0.009173595659132608, "lower fat vanilla wafers cookies": 0.0017956825545536168, "blue cheese": 0.005894523168208612, "protein powder whey based beverages": 0.004098840613654994,