training_loss,validation_loss_accuracy,validation_loss_fpr,validation_loss_ur,testing_loss_accuracy,testing_loss_fpr,testing_loss_ur
3496.650747570475,0.13666666666666671,0.012622377622377622,0.019166666666666665,1.0,0.5693217893217893,0.3821933621933622
852.1617809398132,0.16333333333333333,0.019988344988344987,0.01722222222222222,1.0,0.5741323953823955,0.3833044733044733
708.3987331209281,0.13,0.014465811965811965,0.01472222222222222,1.0,0.5991316526610644,0.3933044733044733
540.598573904698,0.08666666666666667,0.008935508935508934,0.01111111111111111,1.0,0.5584991397491397,0.36901875901875897
543.2437672939324,0.1166666666666667,0.010813908313908313,0.0175,0.9,0.37146825396825395,0.2044877344877345
410.44169426538525,0.12,0.010580808080808081,0.019444444444444445,0.9,0.39249999999999996,0.2613131313131313
380.0904787937501,0.10999999999999999,0.008989898989898989,0.016388888888888887,0.9,0.3920238095238095,0.2513131313131313
293.67925112681473,0.1233333333333333,0.011303418803418803,0.01972222222222222,0.7,0.3225252525252525,0.21095238095238095
268.9709606983537,0.10666666666666669,0.010106837606837607,0.015,0.9,0.4145833333333334,0.2502020202020202
